<?xml version="1.0" encoding="UTF-8"?>

  <constraints>
    <different-period id="1">
      <exam id="1411"/>
      <exam id="601"/>
    </different-period>
    <different-period id="2">
      <exam id="709"/>
      <exam id="1019"/>
    </different-period>
    <different-period id="3">
      <exam id="250"/>
      <exam id="488"/>
    </different-period>
    <different-period id="4">
      <exam id="711"/>
      <exam id="636"/>
    </different-period>
    <different-period id="5">
      <exam id="249"/>
      <exam id="60"/>
    </different-period>
    <different-period id="6">
      <exam id="116"/>
      <exam id="1053"/>
    </different-period>
    <different-period id="7">
      <exam id="1553"/>
      <exam id="1650"/>
    </different-period>
    <different-period id="8">
      <exam id="596"/>
      <exam id="595"/>
      <exam id="1431"/>
    </different-period>
    <different-period id="9">
      <exam id="404"/>
      <exam id="501"/>
    </different-period>
    <same-period id="10">
      <exam id="584"/>
      <exam id="1771"/>
    </same-period>
    <different-period id="11">
      <exam id="635"/>
      <exam id="594"/>
      <exam id="66"/>
    </different-period>
    <different-period id="12">
      <exam id="1430"/>
      <exam id="1551"/>
    </different-period>
    <different-period id="13">
      <exam id="1649"/>
      <exam id="251"/>
    </different-period>
    <different-period id="14">
      <exam id="1715"/>
      <exam id="1554"/>
    </different-period>
    <different-period id="15">
      <exam id="1552"/>
      <exam id="1082"/>
    </different-period>
    <different-period id="16">
      <exam id="67"/>
      <exam id="489"/>
    </different-period>
    <same-period id="17">
      <exam id="919"/>
      <exam id="918"/>
      <exam id="1288"/>
    </same-period>
    <different-period id="18">
      <exam id="61"/>
      <exam id="708"/>
    </different-period>
    <different-period id="19">
      <exam id="827"/>
      <exam id="1493"/>
      <exam id="1494"/>
    </different-period>
    <same-period id="20">
      <exam id="1459"/>
      <exam id="443"/>
    </same-period>
  </constraints>