<?xml version="1.0" encoding="UTF-8"?>
  <parameters>
    <property name="backToBackConflictWeight" value="10.0"/>
    <property name="backToBackDistance" value="-1.0"/>
    <property name="directConflictWeight" value="1000.0"/>
    <property name="distanceBackToBackConflictWeight" value="25.0"/>
    <property name="distanceToStronglyPreferredRoomWeight" value="1.0E-4"/>
    <property name="distributionWeight" value="1.0"/>
    <property name="examRotationWeight" value="1.0E-4"/>
    <property name="instructorBackToBackConflictWeight" value="0.0"/>
    <property name="instructorDirectConflictWeight" value="10.0"/>
    <property name="instructorDistanceBackToBackConflictWeight" value="0.0"/>
    <property name="instructorMoreThanTwoADayWeight" value="0.0"/>
    <property name="isDayBreakBackToBack" value="false"/>
    <property name="largePeriod" value="0.86"/>
    <property name="largeSize" value="600"/>
    <property name="largeWeight" value="2500000.0"/>
    <property name="maxRooms" value="4"/>
    <property name="moreThanTwoADayWeight" value="100.0"/>
    <property name="mpp" value="false"/>
    <property name="periodIndexWeight" value="1.0E-7"/>
    <property name="periodSizeWeight" value="0.5"/>
    <property name="periodWeight" value="1.0"/>
    <property name="perturbationWeight" value="0.0010"/>
    <property name="roomPerturbationWeight" value="0.1"/>
    <property name="roomSizeFactor" value="1.1"/>
    <property name="roomSizeWeight" value="0.0010"/>
    <property name="roomSplitDistanceWeight" value="0.01"/>
    <property name="roomSplitWeight" value="10.0"/>
    <property name="roomWeight" value="1.0"/>
  </parameters>