<?xml version="1.0" encoding="UTF-8"?>
  <periods>
    <period id="1" length="120" day="Mon 12/10" time="8:00a - 10:00a" penalty="0"/>
    <period id="2" length="120" day="Mon 12/10" time="10:30a - 12:30p" penalty="0"/>
    <period id="3" length="120" day="Mon 12/10" time="1:00p - 3:00p" penalty="0"/>
    <period id="4" length="120" day="Mon 12/10" time="3:30p - 5:30p" penalty="0"/>
    <period id="5" length="120" day="Mon 12/10" time="7:00p - 9:00p" penalty="0"/>
    <period id="6" length="120" day="Tue 12/11" time="8:00a - 10:00a" penalty="0"/>
    <period id="7" length="120" day="Tue 12/11" time="10:30a - 12:30p" penalty="0"/>
    <period id="8" length="120" day="Tue 12/11" time="1:00p - 3:00p" penalty="0"/>
    <period id="9" length="120" day="Tue 12/11" time="3:30p - 5:30p" penalty="0"/>
    <period id="10" length="120" day="Tue 12/11" time="7:00p - 9:00p" penalty="0"/>
    <period id="11" length="120" day="Wed 12/12" time="8:00a - 10:00a" penalty="0"/>
    <period id="12" length="120" day="Wed 12/12" time="10:30a - 12:30p" penalty="0"/>
    <period id="13" length="120" day="Wed 12/12" time="1:00p - 3:00p" penalty="0"/>
    <period id="14" length="120" day="Wed 12/12" time="3:30p - 5:30p" penalty="0"/>
    <period id="15" length="120" day="Wed 12/12" time="7:00p - 9:00p" penalty="0"/>
    <period id="16" length="120" day="Thu 12/13" time="8:00a - 10:00a" penalty="0"/>
    <period id="17" length="120" day="Thu 12/13" time="10:30a - 12:30p" penalty="0"/>
    <period id="18" length="120" day="Thu 12/13" time="1:00p - 3:00p" penalty="0"/>
    <period id="19" length="120" day="Thu 12/13" time="3:30p - 5:30p" penalty="0"/>
    <period id="20" length="120" day="Thu 12/13" time="7:00p - 9:00p" penalty="0"/>
    <period id="21" length="120" day="Fri 12/14" time="8:00a - 10:00a" penalty="0"/>
    <period id="22" length="120" day="Fri 12/14" time="10:30a - 12:30p" penalty="0"/>
    <period id="23" length="120" day="Fri 12/14" time="1:00p - 3:00p" penalty="1"/>
    <period id="24" length="120" day="Fri 12/14" time="3:30p - 5:30p" penalty="1"/>
    <period id="25" length="120" day="Fri 12/14" time="7:00p - 9:00p" penalty="1"/>
    <period id="26" length="120" day="Sat 12/15" time="8:00a - 10:00a" penalty="4"/>
    <period id="27" length="120" day="Sat 12/15" time="10:30a - 12:30p" penalty="4"/>
    <period id="28" length="120" day="Sat 12/15" time="1:00p - 3:00p" penalty="4"/>
    <period id="29" length="120" day="Sat 12/15" time="3:30p - 5:30p" penalty="4"/>
  </periods>